<?xml version="1.0" encoding="UTF-8"?>
<config xmlns="http://www.knime.org/2008/09/XMLConfig" xmlns:xsi="http://www.w3.org/2001/XMLSchema-instance" xsi:schemaLocation="http://www.knime.org/2008/09/XMLConfig http://www.knime.org/XMLConfig_2008_09.xsd" key="filestore">
    <config key="filestore_keys">
        <config key="filestore_key_0">
            <entry key="storeUUID" type="xstring" value="47896647-b62e-44ef-9c55-c079194d6e5c"/>
            <entry key="index" type="xint" value="0"/>
            <entry key="name" type="xstring" value="95a9ebd8-1c5f-44d1-af9b-4ddb51d68bdb"/>
            <entry key="iterationIndex" type="xint" value="-1"/>
        </config>
        <config key="filestore_key_1">
            <entry key="storeUUID" type="xstring" value="47896647-b62e-44ef-9c55-c079194d6e5c"/>
            <entry key="index" type="xint" value="1"/>
            <entry key="name" type="xstring" value="45b76be8-f040-4db0-acae-20a75cac5100"/>
            <entry key="iterationIndex" type="xint" value="-1"/>
        </config>
    </config>
</config>
