<?xml version="1.0" encoding="UTF-8"?>
<config xmlns="http://www.knime.org/2008/09/XMLConfig" xmlns:xsi="http://www.w3.org/2001/XMLSchema-instance" xsi:schemaLocation="http://www.knime.org/2008/09/XMLConfig http://www.knime.org/XMLConfig_2008_09.xsd" key="filestore">
    <config key="filestore_keys">
        <config key="filestore_key_0">
            <entry key="storeUUID" type="xstring" value="93032d92-8ff8-4cf1-bf48-d190574932cb"/>
            <entry key="index" type="xint" value="0"/>
            <entry key="name" type="xstring" value="e429ccb9-3c49-4560-a62a-ff7cd80bf1c5"/>
            <entry key="iterationIndex" type="xint" value="-1"/>
        </config>
        <config key="filestore_key_1">
            <entry key="storeUUID" type="xstring" value="93032d92-8ff8-4cf1-bf48-d190574932cb"/>
            <entry key="index" type="xint" value="1"/>
            <entry key="name" type="xstring" value="86dacb6f-2014-47f0-8b58-8e7473012199"/>
            <entry key="iterationIndex" type="xint" value="-1"/>
        </config>
    </config>
</config>
