<?xml version="1.0" encoding="UTF-8"?>
<config xmlns="http://www.knime.org/2008/09/XMLConfig" xmlns:xsi="http://www.w3.org/2001/XMLSchema-instance" xsi:schemaLocation="http://www.knime.org/2008/09/XMLConfig http://www.knime.org/XMLConfig_2008_09.xsd" key="filestore">
    <config key="filestore_keys">
        <config key="filestore_key_0">
            <entry key="storeUUID" type="xstring" value="264cf12e-6f34-4825-9578-57859329c322"/>
            <entry key="index" type="xint" value="0"/>
            <entry key="name" type="xstring" value="feb920f0-aaf6-4545-af95-4efb2b36a256"/>
            <entry key="iterationIndex" type="xint" value="-1"/>
        </config>
        <config key="filestore_key_1">
            <entry key="storeUUID" type="xstring" value="264cf12e-6f34-4825-9578-57859329c322"/>
            <entry key="index" type="xint" value="1"/>
            <entry key="name" type="xstring" value="037c7886-4c9e-4c4a-9a96-dc08df126419"/>
            <entry key="iterationIndex" type="xint" value="-1"/>
        </config>
    </config>
</config>
